subject;group;age_month;age_year;sex;sound_discrimination
1;english infant;6;0,5;m;yes
2;english infant;6;0,5;m;yes
3;english infant;6;0,5;m;yes
5;english infant;7;0,583333333;m;yes
7;english infant;6;0,5;f;yes
8;english infant;7;0,583333333;f;yes
9;english infant;6;0,5;f;yes
10;english infant;7;0,583333333;f;yes
12;english infant;7;0,583333333;f;yes
13;english infant;6;0,5;f;yes
14;english infant;7;0,583333333;f;no
15;english infant;6;0,5;f;yes
16;hindi adult;265;22,08333333;m;yes
17;hindi adult;284;23,66666667;m;yes
18;hindi adult;311;25,91666667;m;yes
19;hindi adult;317;26,41666667;f;yes
20;hindi adult;366;30,5;f;yes
21;english adult;390;32,5;m;no
22;english adult;286;23,83333333;m;no
23;english adult;410;34,16666667;m;no
24;english adult;326;27,16666667;m;yes
25;english adult;354;29,5;m;no
26;english adult;374;31,16666667;m;no
27;english adult;395;32,91666667;f;no
28;english adult;269;22,41666667;f;no
29;english adult;295;24,58333333;f;no
30;english adult;352;29,33333333;f;no
