subject,group,age_month,age_year,sex,sound_discrimination
1,english infant,6,0.5,m,1
2,english infant,6,0.5,m,1
3,english infant,6,0.5,m,1
4,english infant,7,0.583333333,m,
5,english infant,7,0.583333333,m,1
6,english infant,7,0.583333333,m,
7,english infant,6,0.5,f,1
8,english infant,7,0.583333333,f,1
9,english infant,6,0.5,f,1
10,english infant,7,0.583333333,f,1
11,english infant,6,0.5,f,
12,english infant,7,0.583333333,f,1
13,english infant,6,0.5,f,1
14,english infant,7,0.583333333,f,0
15,english infant,6,0.5,f,1
16,hindi adult,265,22.08333333,m,1
17,hindi adult,284,23.66666667,m,1
18,hindi adult,311,25.91666667,m,1
19,hindi adult,317,26.41666667,f,1
20,hindi adult,366,30.5,f,1
21,english adult,390,32.5,m,0
22,english adult,286,23.83333333,m,0
23,english adult,410,34.16666667,m,0
24,english adult,326,27.16666667,m,1
25,english adult,354,29.5,m,0
26,english adult,374,31.16666667,m,0
27,english adult,395,32.91666667,f,0
28,english adult,269,22.41666667,f,0
29,english adult,295,24.58333333,f,0
30,english adult,352,29.33333333,f,0
