arbre;agriculteur;age;orange;saveur
1;diego;5;30;faible
1;diego;10;34;faible
1;diego;15;87;moyenne
1;diego;20;125;moyenne
1;diego;25;146;moyenne
2;martha;5;33;faible
2;martha;10;68;faible
2;martha;15;156;moyenne
2;martha;20;187;forte
2;martha;25;206;forte
3;francis;5;23;moyenne
3;francis;10;27;forte
3;francis;15;58;moyenne
3;francis;20;43;forte
3;francis;25;44;forte
4;timeha;5;19;faible
4;timeha;10;46;faible
4;timeha;15;76;faible
4;timeha;20;98;faible
4;timeha;25;168;faible
5;lou;5;36;faible
5;lou;10;79;moyenne
5;lou;15;57;forte
5;lou;20;100;moyenne
5;lou;25;143;forte
6;marina;5;56;faible
6;marina;10;78;moyenne
6;marina;15;89;moyenne
6;marina;20;113;moyenne
6;marina;25;123;moyenne
