pommier;age;pomme;saveur
1;16;30;faible
2;43;34;faible
3;25;87;moyenne
4;44;125;forte
5;37;146;moyenne
6;21;33;faible
7;38;68;faible
8;9;156;moyenne
9;26;187;forte
10;13;206;forte
11;39;23;moyenne
12;14;27;forte
13;5;58;moyenne
14;43;43;forte
15;28;44;forte
16;22;19;faible
17;8;46;moyenne
18;11;76;faible
19;45;98;faible
20;40;168;forte
21;39;36;faible
22;13;79;moyenne
23;5;57;forte
24;45;100;moyenne
25;13;143;forte
26;31;56;faible
27;8;78;moyenne
28;34;89;moyenne
29;5;56;moyenne
30;10;78;forte
31;42;54;faible
32;33;87;moyenne
33;17;123;moyenne
34;11;145;faible
35;9;56;faible
36;29;78;forte
37;6;208;moyenne
38;34;104;forte
39;10;122;faible
40;30;201;forte
41;10;123;moyenne
42;40;33;forte
43;9;56;faible
44;31;78;moyenne
45;6;124;moyenne
46;41;59;faible
47;12;97;moyenne
48;34;78;forte
49;39;91;moyenne
50;36;40;forte
51;12;38;moyenne
52;41;90;faible
53;27;126;moyenne
54;23;138;moyenne
55;28;165;faible
56;6;206;forte
57;12;224;faible
58;23;142;moyenne
59;12;45;faible
60;23;128;forte
61;33;8958;forte
62;12;97;faible
63;13;129;moyenne
64;21;178;moyenne
65;10;77;faible
66;12;75;forte
67;14;35;forte
68;40;97;faible
69;27;185;forte
70;30;148;forte
